#,Time,%Passes,Change,Test,Pass,Partial,Fail,Untested
0,Sun Mar 25 09:30:33 EDT 2018,0,0,Assignment4Suite, , ,ContainsTest0- ContainsTest1- ContainsTest2- EmptyTest0- EmptyTest1- EmptyTest2- FindMinMaxTest0- FindMinMaxTest1- FindMinMaxTest2- HeightTest- InsertAfterRemoveTest0- InsertAfterRemoveTest1- InsertAfterRemoveTest2- InsertTest0- InsertTest1- InsertTest2- InsertTest3- InsertTest4- InsertTest5- RemoveTest0- RemoveTest1- RemoveTest2- RemoveTest3- RemoveTest4- RemoveTest5- RemoveTest6- RemoveTest7- SizeTest0- SizeTest1- SizeTest2- SizeTest3- , ,
1,Mon Mar 26 10:18:53 EDT 2018,25,25,Assignment4Suite,ContainsTest2+ EmptyTest0+ EmptyTest2+ FindMinMaxTest0+ FindMinMaxTest2+ SizeTest0+ SizeTest1+ SizeTest3+ , ,ContainsTest0 ContainsTest1 EmptyTest1 FindMinMaxTest1 HeightTest InsertAfterRemoveTest0 InsertAfterRemoveTest1 InsertAfterRemoveTest2 InsertTest0 InsertTest1 InsertTest2 InsertTest3 InsertTest4 InsertTest5 RemoveTest0 RemoveTest1 RemoveTest2 RemoveTest3 RemoveTest4 RemoveTest5 RemoveTest6 RemoveTest7 SizeTest2 , ,
2,Mon Mar 26 13:29:17 EDT 2018,19,-6,Assignment4Suite,EmptyTest0 FindMinMaxTest0 HeightTest+ SizeTest0 SizeTest1 SizeTest3 , ,ContainsTest0 ContainsTest1 ContainsTest2- EmptyTest1 EmptyTest2- FindMinMaxTest1 FindMinMaxTest2- InsertAfterRemoveTest0 InsertAfterRemoveTest1 InsertAfterRemoveTest2 InsertTest0 InsertTest1 InsertTest2 InsertTest3 InsertTest4 InsertTest5 RemoveTest0 RemoveTest1 RemoveTest2 RemoveTest3 RemoveTest4 RemoveTest5 RemoveTest6 RemoveTest7 SizeTest2 , ,
3,Mon Mar 26 14:32:17 EDT 2018,19,0,Assignment4Suite,EmptyTest0 FindMinMaxTest0 HeightTest SizeTest0 SizeTest1 SizeTest3 , ,ContainsTest0 ContainsTest1 ContainsTest2 EmptyTest1 EmptyTest2 FindMinMaxTest1 FindMinMaxTest2 InsertAfterRemoveTest0 InsertAfterRemoveTest1 InsertAfterRemoveTest2 InsertTest0 InsertTest1 InsertTest2 InsertTest3 InsertTest4 InsertTest5 RemoveTest0 RemoveTest1 RemoveTest2 RemoveTest3 RemoveTest4 RemoveTest5 RemoveTest6 RemoveTest7 SizeTest2 , ,
4,Mon Mar 26 22:12:26 EDT 2018,19,0,Assignment4Suite,EmptyTest0 FindMinMaxTest0 HeightTest SizeTest0 SizeTest1 SizeTest3 , ,ContainsTest0 ContainsTest1 ContainsTest2 EmptyTest1 EmptyTest2 FindMinMaxTest1 FindMinMaxTest2 InsertAfterRemoveTest0 InsertAfterRemoveTest1 InsertAfterRemoveTest2 InsertTest0 InsertTest1 InsertTest2 InsertTest3 InsertTest4 InsertTest5 RemoveTest0 RemoveTest1 RemoveTest2 RemoveTest3 RemoveTest4 RemoveTest5 RemoveTest6 RemoveTest7 SizeTest2 , ,
5,Mon Mar 26 22:15:21 EDT 2018,19,0,Assignment4Suite,EmptyTest0 FindMinMaxTest0 HeightTest SizeTest0 SizeTest1 SizeTest3 , ,ContainsTest0 ContainsTest1 ContainsTest2 EmptyTest1 EmptyTest2 FindMinMaxTest1 FindMinMaxTest2 InsertAfterRemoveTest0 InsertAfterRemoveTest1 InsertAfterRemoveTest2 InsertTest0 InsertTest1 InsertTest2 InsertTest3 InsertTest4 InsertTest5 RemoveTest0 RemoveTest1 RemoveTest2 RemoveTest3 RemoveTest4 RemoveTest5 RemoveTest6 RemoveTest7 SizeTest2 , ,
6,Mon Mar 26 22:23:40 EDT 2018,19,0,Assignment4Suite,EmptyTest0 FindMinMaxTest0 HeightTest SizeTest0 SizeTest1 SizeTest3 , ,ContainsTest0 ContainsTest1 ContainsTest2 EmptyTest1 EmptyTest2 FindMinMaxTest1 FindMinMaxTest2 InsertAfterRemoveTest0 InsertAfterRemoveTest1 InsertAfterRemoveTest2 InsertTest0 InsertTest1 InsertTest2 InsertTest3 InsertTest4 InsertTest5 RemoveTest0 RemoveTest1 RemoveTest2 RemoveTest3 RemoveTest4 RemoveTest5 RemoveTest6 RemoveTest7 SizeTest2 , ,
7,Mon Mar 26 22:26:50 EDT 2018,19,0,Assignment4Suite,EmptyTest0 FindMinMaxTest0 HeightTest SizeTest0 SizeTest1 SizeTest3 , ,ContainsTest0 ContainsTest1 ContainsTest2 EmptyTest1 EmptyTest2 FindMinMaxTest1 FindMinMaxTest2 InsertAfterRemoveTest0 InsertAfterRemoveTest1 InsertAfterRemoveTest2 InsertTest0 InsertTest1 InsertTest2 InsertTest3 InsertTest4 InsertTest5 RemoveTest0 RemoveTest1 RemoveTest2 RemoveTest3 RemoveTest4 RemoveTest5 RemoveTest6 RemoveTest7 SizeTest2 , ,
8,Mon Mar 26 23:33:27 EDT 2018,12,-7,Assignment4Suite,EmptyTest0 FindMinMaxTest0 SizeTest0 SizeTest3 , ,ContainsTest0 ContainsTest1 ContainsTest2 EmptyTest1 EmptyTest2 FindMinMaxTest1 FindMinMaxTest2 HeightTest- InsertAfterRemoveTest0 InsertAfterRemoveTest1 InsertAfterRemoveTest2 InsertTest0 InsertTest1 InsertTest2 InsertTest3 InsertTest4 InsertTest5 RemoveTest0 RemoveTest1 RemoveTest2 RemoveTest3 RemoveTest4 RemoveTest5 RemoveTest6 RemoveTest7 SizeTest1- SizeTest2 , ,
9,Mon Mar 26 23:43:59 EDT 2018,19,7,Assignment4Suite,EmptyTest0 FindMinMaxTest0 HeightTest+ SizeTest0 SizeTest1+ SizeTest3 , ,ContainsTest0 ContainsTest1 ContainsTest2 EmptyTest1 EmptyTest2 FindMinMaxTest1 FindMinMaxTest2 InsertAfterRemoveTest0 InsertAfterRemoveTest1 InsertAfterRemoveTest2 InsertTest0 InsertTest1 InsertTest2 InsertTest3 InsertTest4 InsertTest5 RemoveTest0 RemoveTest1 RemoveTest2 RemoveTest3 RemoveTest4 RemoveTest5 RemoveTest6 RemoveTest7 SizeTest2 , ,
10,Tue Mar 27 11:15:20 EDT 2018,19,0,Assignment4Suite,EmptyTest0 FindMinMaxTest0 HeightTest SizeTest0 SizeTest1 SizeTest3 , ,ContainsTest0 ContainsTest1 ContainsTest2 EmptyTest1 EmptyTest2 FindMinMaxTest1 FindMinMaxTest2 InsertAfterRemoveTest0 InsertAfterRemoveTest1 InsertAfterRemoveTest2 InsertTest0 InsertTest1 InsertTest2 InsertTest3 InsertTest4 InsertTest5 RemoveTest0 RemoveTest1 RemoveTest2 RemoveTest3 RemoveTest4 RemoveTest5 RemoveTest6 RemoveTest7 SizeTest2 , ,
11,Tue Mar 27 11:41:00 EDT 2018,32,13,Assignment4Suite,ContainsTest1+ ContainsTest2+ EmptyTest0 EmptyTest2+ FindMinMaxTest0 FindMinMaxTest1+ HeightTest InsertAfterRemoveTest1+ SizeTest0 SizeTest1 , ,ContainsTest0 EmptyTest1 FindMinMaxTest2 InsertAfterRemoveTest0 InsertAfterRemoveTest2 InsertTest0 InsertTest1 InsertTest2 InsertTest3 InsertTest4 InsertTest5 RemoveTest0 RemoveTest1 RemoveTest2 RemoveTest3 RemoveTest4 RemoveTest5 RemoveTest6 RemoveTest7 SizeTest2 SizeTest3- , ,
12,Tue Mar 27 12:08:51 EDT 2018,16,-16,Assignment4Suite,EmptyTest0 FindMinMaxTest0 FindMinMaxTest1 SizeTest0 SizeTest1 , ,ContainsTest0 ContainsTest1- ContainsTest2- EmptyTest1 EmptyTest2- FindMinMaxTest2 HeightTest- InsertAfterRemoveTest0 InsertAfterRemoveTest1- InsertAfterRemoveTest2 InsertTest0 InsertTest1 InsertTest2 InsertTest3 InsertTest4 InsertTest5 RemoveTest0 RemoveTest1 RemoveTest2 RemoveTest3 RemoveTest4 RemoveTest5 RemoveTest6 RemoveTest7 SizeTest2 SizeTest3 , ,
13,Tue Mar 27 12:10:37 EDT 2018,16,0,Assignment4Suite,EmptyTest0 FindMinMaxTest0 FindMinMaxTest1 SizeTest0 SizeTest1 , ,ContainsTest0 ContainsTest1 ContainsTest2 EmptyTest1 EmptyTest2 FindMinMaxTest2 HeightTest InsertAfterRemoveTest0 InsertAfterRemoveTest1 InsertAfterRemoveTest2 InsertTest0 InsertTest1 InsertTest2 InsertTest3 InsertTest4 InsertTest5 RemoveTest0 RemoveTest1 RemoveTest2 RemoveTest3 RemoveTest4 RemoveTest5 RemoveTest6 RemoveTest7 SizeTest2 SizeTest3 , ,
14,Thu Mar 29 10:34:55 EDT 2018,54,38,Assignment4Suite,ContainsTest1+ ContainsTest2+ EmptyTest0 EmptyTest2+ FindMinMaxTest0 FindMinMaxTest1 HeightTest+ InsertAfterRemoveTest1+ InsertAfterRemoveTest2+ InsertTest0+ InsertTest1+ InsertTest2+ InsertTest3+ InsertTest5+ RemoveTest0+ SizeTest0 SizeTest1 , ,ContainsTest0 EmptyTest1 FindMinMaxTest2 InsertAfterRemoveTest0 InsertTest4 RemoveTest1 RemoveTest2 RemoveTest3 RemoveTest4 RemoveTest5 RemoveTest6 RemoveTest7 SizeTest2 SizeTest3 , ,
15,Thu Mar 29 10:37:23 EDT 2018,54,0,Assignment4Suite,ContainsTest1 ContainsTest2 EmptyTest0 EmptyTest2 FindMinMaxTest0 FindMinMaxTest1 HeightTest InsertAfterRemoveTest1 InsertAfterRemoveTest2 InsertTest0 InsertTest1 InsertTest2 InsertTest3 InsertTest5 RemoveTest0 SizeTest0 SizeTest1 , ,ContainsTest0 EmptyTest1 FindMinMaxTest2 InsertAfterRemoveTest0 InsertTest4 RemoveTest1 RemoveTest2 RemoveTest3 RemoveTest4 RemoveTest5 RemoveTest6 RemoveTest7 SizeTest2 SizeTest3 , ,
15,Thu Mar 29 10:37:32 EDT 2018,54,0,Assignment4Suite,ContainsTest1 ContainsTest2 EmptyTest0 EmptyTest2 FindMinMaxTest0 FindMinMaxTest1 HeightTest InsertAfterRemoveTest1 InsertAfterRemoveTest2 InsertTest0 InsertTest1 InsertTest2 InsertTest3 InsertTest5 RemoveTest0 SizeTest0 SizeTest1 , ,ContainsTest0 EmptyTest1 FindMinMaxTest2 InsertAfterRemoveTest0 InsertTest4 RemoveTest1 RemoveTest2 RemoveTest3 RemoveTest4 RemoveTest5 RemoveTest6 RemoveTest7 SizeTest2 SizeTest3 , ,
16,Thu Mar 29 11:59:23 EDT 2018,58,4,Assignment4Suite,ContainsTest1 ContainsTest2 EmptyTest0 EmptyTest2 FindMinMaxTest0 FindMinMaxTest1 HeightTest InsertAfterRemoveTest1 InsertAfterRemoveTest2 InsertTest0 InsertTest1 InsertTest2 InsertTest3 InsertTest4+ InsertTest5 RemoveTest0 SizeTest0 SizeTest1 , ,ContainsTest0 EmptyTest1 FindMinMaxTest2 InsertAfterRemoveTest0 RemoveTest1 RemoveTest2 RemoveTest3 RemoveTest4 RemoveTest5 RemoveTest6 RemoveTest7 SizeTest2 SizeTest3 , ,
17,Thu Mar 29 12:11:04 EDT 2018,41,-17,Assignment4Suite,ContainsTest2 EmptyTest0 FindMinMaxTest0 FindMinMaxTest1 HeightTest InsertTest0 InsertTest1 InsertTest2 InsertTest3 InsertTest4 InsertTest5 SizeTest0 SizeTest1 , ,ContainsTest0 ContainsTest1- EmptyTest1 EmptyTest2- FindMinMaxTest2 InsertAfterRemoveTest0 InsertAfterRemoveTest1- InsertAfterRemoveTest2- RemoveTest0- RemoveTest1 RemoveTest2 RemoveTest3 RemoveTest4 RemoveTest5 RemoveTest6 RemoveTest7 SizeTest2 SizeTest3 , ,
18,Fri Mar 30 17:03:46 EDT 2018,51,10,Assignment4Suite,ContainsTest1+ ContainsTest2 EmptyTest0 EmptyTest2+ FindMinMaxTest0 FindMinMaxTest1 HeightTest InsertTest0 InsertTest1 InsertTest2 InsertTest3 InsertTest4 InsertTest5 RemoveTest0+ SizeTest0 SizeTest1 , ,ContainsTest0 EmptyTest1 FindMinMaxTest2 InsertAfterRemoveTest0 InsertAfterRemoveTest1 InsertAfterRemoveTest2 RemoveTest1 RemoveTest2 RemoveTest3 RemoveTest4 RemoveTest5 RemoveTest6 RemoveTest7 SizeTest2 SizeTest3 , ,
19,Fri Mar 30 20:08:10 EDT 2018,54,3,Assignment4Suite,ContainsTest1 ContainsTest2 EmptyTest0 EmptyTest2 FindMinMaxTest0 FindMinMaxTest1 HeightTest InsertAfterRemoveTest1+ InsertTest0 InsertTest1 InsertTest2 InsertTest3 InsertTest4 InsertTest5 RemoveTest0 SizeTest0 SizeTest1 , ,ContainsTest0 EmptyTest1 FindMinMaxTest2 InsertAfterRemoveTest0 InsertAfterRemoveTest2 RemoveTest1 RemoveTest2 RemoveTest3 RemoveTest4 RemoveTest5 RemoveTest6 RemoveTest7 SizeTest2 SizeTest3 , ,
20,Fri Mar 30 20:09:51 EDT 2018,61,7,Assignment4Suite,ContainsTest1 ContainsTest2 EmptyTest0 EmptyTest2 FindMinMaxTest0 FindMinMaxTest1 HeightTest InsertAfterRemoveTest0+ InsertAfterRemoveTest1 InsertTest0 InsertTest1 InsertTest2 InsertTest3 InsertTest4 InsertTest5 RemoveTest0 SizeTest0 SizeTest1 SizeTest2+ , ,ContainsTest0 EmptyTest1 FindMinMaxTest2 InsertAfterRemoveTest2 RemoveTest1 RemoveTest2 RemoveTest3 RemoveTest4 RemoveTest5 RemoveTest6 RemoveTest7 SizeTest3 , ,
21,Fri Mar 30 22:04:24 EDT 2018,58,-3,Assignment4Suite,EmptyTest0 EmptyTest2 FindMinMaxTest0 FindMinMaxTest1 HeightTest InsertAfterRemoveTest0 InsertAfterRemoveTest1 InsertTest0 InsertTest1 InsertTest2 InsertTest3 InsertTest4 InsertTest5 RemoveTest0 RemoveTest7+ SizeTest0 SizeTest1 SizeTest2 , ,ContainsTest0 ContainsTest1- ContainsTest2- EmptyTest1 FindMinMaxTest2 InsertAfterRemoveTest2 RemoveTest1 RemoveTest2 RemoveTest3 RemoveTest4 RemoveTest5 RemoveTest6 SizeTest3 , ,
22,Fri Mar 30 22:16:56 EDT 2018,61,3,Assignment4Suite,ContainsTest1+ ContainsTest2+ EmptyTest0 EmptyTest2 FindMinMaxTest0 FindMinMaxTest1 HeightTest InsertAfterRemoveTest0 InsertAfterRemoveTest1 InsertTest0 InsertTest1 InsertTest2 InsertTest3 InsertTest4 InsertTest5 RemoveTest0 SizeTest0 SizeTest1 SizeTest2 , ,ContainsTest0 EmptyTest1 FindMinMaxTest2 InsertAfterRemoveTest2 RemoveTest1 RemoveTest2 RemoveTest3 RemoveTest4 RemoveTest5 RemoveTest6 RemoveTest7- SizeTest3 , ,
23,Fri Mar 30 22:37:41 EDT 2018,61,0,Assignment4Suite,ContainsTest1 ContainsTest2 EmptyTest0 EmptyTest2 FindMinMaxTest0 FindMinMaxTest1 HeightTest InsertAfterRemoveTest0 InsertAfterRemoveTest1 InsertTest0 InsertTest1 InsertTest2 InsertTest3 InsertTest4 InsertTest5 RemoveTest0 SizeTest0 SizeTest1 SizeTest2 , ,ContainsTest0 EmptyTest1 FindMinMaxTest2 InsertAfterRemoveTest2 RemoveTest1 RemoveTest2 RemoveTest3 RemoveTest4 RemoveTest5 RemoveTest6 RemoveTest7 SizeTest3 , ,
24,Fri Mar 30 22:44:44 EDT 2018,61,0,Assignment4Suite,ContainsTest1 ContainsTest2 EmptyTest0 EmptyTest2 FindMinMaxTest0 FindMinMaxTest1 HeightTest InsertAfterRemoveTest0 InsertAfterRemoveTest1 InsertTest0 InsertTest1 InsertTest2 InsertTest3 InsertTest4 InsertTest5 RemoveTest0 SizeTest0 SizeTest1 SizeTest2 , ,ContainsTest0 EmptyTest1 FindMinMaxTest2 InsertAfterRemoveTest2 RemoveTest1 RemoveTest2 RemoveTest3 RemoveTest4 RemoveTest5 RemoveTest6 RemoveTest7 SizeTest3 , ,
25,Fri Mar 30 22:59:23 EDT 2018,61,0,Assignment4Suite,ContainsTest1 ContainsTest2 EmptyTest0 EmptyTest2 FindMinMaxTest0 FindMinMaxTest1 HeightTest InsertAfterRemoveTest0 InsertAfterRemoveTest1 InsertTest0 InsertTest1 InsertTest2 InsertTest3 InsertTest4 InsertTest5 RemoveTest0 SizeTest0 SizeTest1 SizeTest2 , ,ContainsTest0 EmptyTest1 FindMinMaxTest2 InsertAfterRemoveTest2 RemoveTest1 RemoveTest2 RemoveTest3 RemoveTest4 RemoveTest5 RemoveTest6 RemoveTest7 SizeTest3 , ,
26,Sun Apr 01 10:22:17 EDT 2018,61,0,Assignment4Suite,ContainsTest1 ContainsTest2 EmptyTest0 EmptyTest2 FindMinMaxTest0 FindMinMaxTest1 HeightTest InsertAfterRemoveTest0 InsertAfterRemoveTest1 InsertTest0 InsertTest1 InsertTest2 InsertTest3 InsertTest4 InsertTest5 RemoveTest0 SizeTest0 SizeTest1 SizeTest2 , ,ContainsTest0 EmptyTest1 FindMinMaxTest2 InsertAfterRemoveTest2 RemoveTest1 RemoveTest2 RemoveTest3 RemoveTest4 RemoveTest5 RemoveTest6 RemoveTest7 SizeTest3 , ,
27,Mon Apr 02 12:34:20 EDT 2018,61,0,Assignment4Suite,ContainsTest1 ContainsTest2 EmptyTest0 EmptyTest2 FindMinMaxTest0 FindMinMaxTest1 HeightTest InsertAfterRemoveTest0 InsertAfterRemoveTest1 InsertTest0 InsertTest1 InsertTest2 InsertTest3 InsertTest4 InsertTest5 RemoveTest0 SizeTest0 SizeTest1 SizeTest2 , ,ContainsTest0 EmptyTest1 FindMinMaxTest2 InsertAfterRemoveTest2 RemoveTest1 RemoveTest2 RemoveTest3 RemoveTest4 RemoveTest5 RemoveTest6 RemoveTest7 SizeTest3 , ,
28,Mon Apr 02 12:59:41 EDT 2018,54,-7,Assignment4Suite,EmptyTest0 EmptyTest2 FindMinMaxTest0 FindMinMaxTest1 HeightTest InsertAfterRemoveTest0 InsertAfterRemoveTest1 InsertTest0 InsertTest1 InsertTest2 InsertTest3 InsertTest4 InsertTest5 RemoveTest0 SizeTest0 SizeTest1 SizeTest2 , ,ContainsTest0 ContainsTest1- ContainsTest2- EmptyTest1 FindMinMaxTest2 InsertAfterRemoveTest2 RemoveTest1 RemoveTest2 RemoveTest3 RemoveTest4 RemoveTest5 RemoveTest6 RemoveTest7 SizeTest3 , ,
29,Mon Apr 02 13:04:34 EDT 2018,58,4,Assignment4Suite,ContainsTest2+ EmptyTest0 EmptyTest2 FindMinMaxTest0 FindMinMaxTest1 HeightTest InsertAfterRemoveTest0 InsertAfterRemoveTest1 InsertTest0 InsertTest1 InsertTest2 InsertTest3 InsertTest4 InsertTest5 RemoveTest0 SizeTest0 SizeTest1 SizeTest2 , ,ContainsTest0 ContainsTest1 EmptyTest1 FindMinMaxTest2 InsertAfterRemoveTest2 RemoveTest1 RemoveTest2 RemoveTest3 RemoveTest4 RemoveTest5 RemoveTest6 RemoveTest7 SizeTest3 , ,
30,Mon Apr 02 13:22:55 EDT 2018,58,0,Assignment4Suite,ContainsTest2 EmptyTest0 EmptyTest2 FindMinMaxTest0 FindMinMaxTest1 HeightTest InsertAfterRemoveTest0 InsertAfterRemoveTest1 InsertTest0 InsertTest1 InsertTest2 InsertTest3 InsertTest4 InsertTest5 RemoveTest0 SizeTest0 SizeTest1 SizeTest2 , ,ContainsTest0 ContainsTest1 EmptyTest1 FindMinMaxTest2 InsertAfterRemoveTest2 RemoveTest1 RemoveTest2 RemoveTest3 RemoveTest4 RemoveTest5 RemoveTest6 RemoveTest7 SizeTest3 , ,
31,Mon Apr 02 18:16:04 EDT 2018,58,0,Assignment4Suite,ContainsTest2 EmptyTest0 EmptyTest2 FindMinMaxTest0 FindMinMaxTest1 HeightTest InsertAfterRemoveTest0 InsertAfterRemoveTest1 InsertTest0 InsertTest1 InsertTest2 InsertTest3 InsertTest4 InsertTest5 RemoveTest0 SizeTest0 SizeTest1 SizeTest2 , ,ContainsTest0 ContainsTest1 EmptyTest1 FindMinMaxTest2 InsertAfterRemoveTest2 RemoveTest1 RemoveTest2 RemoveTest3 RemoveTest4 RemoveTest5 RemoveTest6 RemoveTest7 SizeTest3 , ,
32,Mon Apr 02 18:26:41 EDT 2018,51,-7,Assignment4Suite,ContainsTest2 EmptyTest0 EmptyTest2 FindMinMaxTest0 FindMinMaxTest1 HeightTest InsertAfterRemoveTest0 InsertAfterRemoveTest1 InsertTest0 InsertTest1 InsertTest2 InsertTest3 InsertTest4 InsertTest5 SizeTest0 SizeTest1 , ,ContainsTest0 ContainsTest1 EmptyTest1 FindMinMaxTest2 InsertAfterRemoveTest2 RemoveTest0- RemoveTest1 RemoveTest2 RemoveTest3 RemoveTest4 RemoveTest5 RemoveTest6 RemoveTest7 SizeTest2- SizeTest3 , ,
33,Mon Apr 02 18:28:20 EDT 2018,54,3,Assignment4Suite,ContainsTest2 EmptyTest0 EmptyTest2 FindMinMaxTest0 FindMinMaxTest1 HeightTest InsertAfterRemoveTest0 InsertAfterRemoveTest1 InsertTest0 InsertTest1 InsertTest2 InsertTest3 InsertTest4 InsertTest5 RemoveTest0+ SizeTest0 SizeTest1 , ,ContainsTest0 ContainsTest1 EmptyTest1 FindMinMaxTest2 InsertAfterRemoveTest2 RemoveTest1 RemoveTest2 RemoveTest3 RemoveTest4 RemoveTest5 RemoveTest6 RemoveTest7 SizeTest2 SizeTest3 , ,
34,Mon Apr 02 19:30:18 EDT 2018,61,7,Assignment4Suite,ContainsTest0+ ContainsTest1+ ContainsTest2 EmptyTest0 EmptyTest2 FindMinMaxTest0 FindMinMaxTest1 HeightTest InsertAfterRemoveTest0 InsertAfterRemoveTest1 InsertTest0 InsertTest1 InsertTest2 InsertTest3 InsertTest4 InsertTest5 RemoveTest0 SizeTest0 SizeTest1 , ,EmptyTest1 FindMinMaxTest2 InsertAfterRemoveTest2 RemoveTest1 RemoveTest2 RemoveTest3 RemoveTest4 RemoveTest5 RemoveTest6 RemoveTest7 SizeTest2 SizeTest3 , ,
35,Mon Apr 02 19:36:08 EDT 2018,64,3,Assignment4Suite,ContainsTest0 ContainsTest2 EmptyTest0 EmptyTest2 FindMinMaxTest0 FindMinMaxTest1 HeightTest InsertAfterRemoveTest0 InsertAfterRemoveTest1 InsertTest0 InsertTest1 InsertTest2 InsertTest3 InsertTest4 InsertTest5 RemoveTest0 RemoveTest7+ SizeTest0 SizeTest1 SizeTest2+ , ,ContainsTest1- EmptyTest1 FindMinMaxTest2 InsertAfterRemoveTest2 RemoveTest1 RemoveTest2 RemoveTest3 RemoveTest4 RemoveTest5 RemoveTest6 SizeTest3 , ,
36,Mon Apr 02 19:41:54 EDT 2018,64,0,Assignment4Suite,ContainsTest0 ContainsTest2 EmptyTest0 EmptyTest2 FindMinMaxTest0 FindMinMaxTest1 HeightTest InsertAfterRemoveTest0 InsertAfterRemoveTest1 InsertTest0 InsertTest1 InsertTest2 InsertTest3 InsertTest4 InsertTest5 RemoveTest0 RemoveTest7 SizeTest0 SizeTest1 SizeTest2 , ,ContainsTest1 EmptyTest1 FindMinMaxTest2 InsertAfterRemoveTest2 RemoveTest1 RemoveTest2 RemoveTest3 RemoveTest4 RemoveTest5 RemoveTest6 SizeTest3 , ,
37,Mon Apr 02 20:31:41 EDT 2018,64,0,Assignment4Suite,ContainsTest0 ContainsTest2 EmptyTest0 EmptyTest2 FindMinMaxTest0 FindMinMaxTest1 HeightTest InsertAfterRemoveTest0 InsertAfterRemoveTest1 InsertTest0 InsertTest1 InsertTest2 InsertTest3 InsertTest4 InsertTest5 RemoveTest0 RemoveTest7 SizeTest0 SizeTest1 SizeTest2 , ,ContainsTest1 EmptyTest1 FindMinMaxTest2 InsertAfterRemoveTest2 RemoveTest1 RemoveTest2 RemoveTest3 RemoveTest4 RemoveTest5 RemoveTest6 SizeTest3 , ,
38,Mon Apr 02 20:37:27 EDT 2018,67,3,Assignment4Suite,ContainsTest0 ContainsTest2 EmptyTest0 EmptyTest2 FindMinMaxTest0 FindMinMaxTest1 FindMinMaxTest2+ HeightTest InsertAfterRemoveTest0 InsertAfterRemoveTest1 InsertTest0 InsertTest1 InsertTest2 InsertTest3 InsertTest4 InsertTest5 RemoveTest0 RemoveTest7 SizeTest0 SizeTest1 SizeTest2 , ,ContainsTest1 EmptyTest1 InsertAfterRemoveTest2 RemoveTest1 RemoveTest2 RemoveTest3 RemoveTest4 RemoveTest5 RemoveTest6 SizeTest3 , ,
39,Mon Apr 02 20:38:45 EDT 2018,67,0,Assignment4Suite,ContainsTest0 ContainsTest2 EmptyTest0 EmptyTest2 FindMinMaxTest0 FindMinMaxTest1 FindMinMaxTest2 HeightTest InsertAfterRemoveTest0 InsertAfterRemoveTest1 InsertTest0 InsertTest1 InsertTest2 InsertTest3 InsertTest4 InsertTest5 RemoveTest0 RemoveTest7 SizeTest0 SizeTest1 SizeTest2 , ,ContainsTest1 EmptyTest1 InsertAfterRemoveTest2 RemoveTest1 RemoveTest2 RemoveTest3 RemoveTest4 RemoveTest5 RemoveTest6 SizeTest3 , ,
40,Mon Apr 02 21:22:00 EDT 2018,67,0,Assignment4Suite,ContainsTest0 ContainsTest2 EmptyTest0 EmptyTest2 FindMinMaxTest0 FindMinMaxTest1 FindMinMaxTest2 HeightTest InsertAfterRemoveTest0 InsertAfterRemoveTest1 InsertTest0 InsertTest1 InsertTest2 InsertTest3 InsertTest4 InsertTest5 RemoveTest0 RemoveTest7 SizeTest0 SizeTest1 SizeTest2 , ,ContainsTest1 EmptyTest1 InsertAfterRemoveTest2 RemoveTest1 RemoveTest2 RemoveTest3 RemoveTest4 RemoveTest5 RemoveTest6 SizeTest3 , ,
41,Mon Apr 02 21:45:16 EDT 2018,67,0,Assignment4Suite,ContainsTest0 ContainsTest2 EmptyTest0 EmptyTest2 FindMinMaxTest0 FindMinMaxTest1 FindMinMaxTest2 HeightTest InsertAfterRemoveTest0 InsertAfterRemoveTest1 InsertTest0 InsertTest1 InsertTest2 InsertTest3 InsertTest4 InsertTest5 RemoveTest0 RemoveTest7 SizeTest0 SizeTest1 SizeTest2 , ,ContainsTest1 EmptyTest1 InsertAfterRemoveTest2 RemoveTest1 RemoveTest2 RemoveTest3 RemoveTest4 RemoveTest5 RemoveTest6 SizeTest3 , ,
42,Mon Apr 02 21:58:06 EDT 2018,67,0,Assignment4Suite,ContainsTest0 ContainsTest2 EmptyTest0 EmptyTest2 FindMinMaxTest0 FindMinMaxTest1 FindMinMaxTest2 HeightTest InsertAfterRemoveTest0 InsertAfterRemoveTest1 InsertTest0 InsertTest1 InsertTest2 InsertTest3 InsertTest4 InsertTest5 RemoveTest0 RemoveTest7 SizeTest0 SizeTest1 SizeTest2 , ,ContainsTest1 EmptyTest1 InsertAfterRemoveTest2 RemoveTest1 RemoveTest2 RemoveTest3 RemoveTest4 RemoveTest5 RemoveTest6 SizeTest3 , ,
43,Mon Apr 02 21:58:59 EDT 2018,67,0,Assignment4Suite,ContainsTest0 ContainsTest2 EmptyTest0 EmptyTest2 FindMinMaxTest0 FindMinMaxTest1 FindMinMaxTest2 HeightTest InsertAfterRemoveTest0 InsertAfterRemoveTest1 InsertTest0 InsertTest1 InsertTest2 InsertTest3 InsertTest4 InsertTest5 RemoveTest0 RemoveTest7 SizeTest0 SizeTest1 SizeTest2 , ,ContainsTest1 EmptyTest1 InsertAfterRemoveTest2 RemoveTest1 RemoveTest2 RemoveTest3 RemoveTest4 RemoveTest5 RemoveTest6 SizeTest3 , ,
44,Mon Apr 02 21:59:38 EDT 2018,67,0,Assignment4Suite,ContainsTest0 ContainsTest2 EmptyTest0 EmptyTest2 FindMinMaxTest0 FindMinMaxTest1 FindMinMaxTest2 HeightTest InsertAfterRemoveTest0 InsertAfterRemoveTest1 InsertTest0 InsertTest1 InsertTest2 InsertTest3 InsertTest4 InsertTest5 RemoveTest0 RemoveTest7 SizeTest0 SizeTest1 SizeTest2 , ,ContainsTest1 EmptyTest1 InsertAfterRemoveTest2 RemoveTest1 RemoveTest2 RemoveTest3 RemoveTest4 RemoveTest5 RemoveTest6 SizeTest3 , ,
45,Mon Apr 02 22:09:58 EDT 2018,93,26,Assignment4Suite,ContainsTest0 ContainsTest1+ ContainsTest2 EmptyTest0 EmptyTest1+ EmptyTest2 FindMinMaxTest0 FindMinMaxTest1 FindMinMaxTest2 HeightTest InsertAfterRemoveTest0 InsertAfterRemoveTest1 InsertAfterRemoveTest2+ InsertTest0 InsertTest1 InsertTest2 InsertTest3 InsertTest4 InsertTest5 RemoveTest0 RemoveTest1+ RemoveTest2+ RemoveTest3+ RemoveTest4+ RemoveTest5+ RemoveTest7 SizeTest0 SizeTest1 SizeTest2 , ,RemoveTest6 SizeTest3 , ,
46,Mon Apr 02 22:11:14 EDT 2018,77,-16,Assignment4Suite,ContainsTest0 ContainsTest1 ContainsTest2 EmptyTest0 EmptyTest2 FindMinMaxTest0 FindMinMaxTest1 FindMinMaxTest2 HeightTest InsertAfterRemoveTest0 InsertAfterRemoveTest1 InsertAfterRemoveTest2 InsertTest0 InsertTest1 InsertTest2 InsertTest3 InsertTest4 InsertTest5 RemoveTest0 RemoveTest1 RemoveTest7 SizeTest0 SizeTest1 SizeTest2 , ,EmptyTest1- RemoveTest2- RemoveTest3- RemoveTest4- RemoveTest5- RemoveTest6 SizeTest3 , ,
47,Mon Apr 02 22:11:34 EDT 2018,93,16,Assignment4Suite,ContainsTest0 ContainsTest1 ContainsTest2 EmptyTest0 EmptyTest1+ EmptyTest2 FindMinMaxTest0 FindMinMaxTest1 FindMinMaxTest2 HeightTest InsertAfterRemoveTest0 InsertAfterRemoveTest1 InsertAfterRemoveTest2 InsertTest0 InsertTest1 InsertTest2 InsertTest3 InsertTest4 InsertTest5 RemoveTest0 RemoveTest1 RemoveTest2+ RemoveTest3+ RemoveTest4+ RemoveTest5+ RemoveTest7 SizeTest0 SizeTest1 SizeTest2 , ,RemoveTest6 SizeTest3 , ,
48,Mon Apr 02 22:14:57 EDT 2018,74,-19,Assignment4Suite,ContainsTest0 ContainsTest2 EmptyTest0 EmptyTest1 FindMinMaxTest0 FindMinMaxTest1 FindMinMaxTest2 HeightTest InsertAfterRemoveTest0 InsertTest0 InsertTest1 InsertTest2 InsertTest3 InsertTest4 InsertTest5 RemoveTest0 RemoveTest1 RemoveTest2 RemoveTest3 RemoveTest4 RemoveTest7 SizeTest0 SizeTest3+ , ,ContainsTest1- EmptyTest2- InsertAfterRemoveTest1- InsertAfterRemoveTest2- RemoveTest5- RemoveTest6 SizeTest1- SizeTest2- , ,
49,Mon Apr 02 22:17:37 EDT 2018,93,19,Assignment4Suite,ContainsTest0 ContainsTest1+ ContainsTest2 EmptyTest0 EmptyTest1 EmptyTest2+ FindMinMaxTest0 FindMinMaxTest1 FindMinMaxTest2 HeightTest InsertAfterRemoveTest0 InsertAfterRemoveTest1+ InsertAfterRemoveTest2+ InsertTest0 InsertTest1 InsertTest2 InsertTest3 InsertTest4 InsertTest5 RemoveTest0 RemoveTest1 RemoveTest2 RemoveTest3 RemoveTest4 RemoveTest5+ RemoveTest7 SizeTest0 SizeTest1+ SizeTest2+ , ,RemoveTest6 SizeTest3- , ,
50,Mon Apr 02 22:19:29 EDT 2018,96,3,Assignment4Suite,ContainsTest0 ContainsTest1 ContainsTest2 EmptyTest0 EmptyTest1 EmptyTest2 FindMinMaxTest0 FindMinMaxTest1 FindMinMaxTest2 HeightTest InsertAfterRemoveTest0 InsertAfterRemoveTest1 InsertAfterRemoveTest2 InsertTest0 InsertTest1 InsertTest2 InsertTest3 InsertTest4 InsertTest5 RemoveTest0 RemoveTest1 RemoveTest2 RemoveTest3 RemoveTest4 RemoveTest5 RemoveTest7 SizeTest0 SizeTest1 SizeTest2 SizeTest3+ , ,RemoveTest6 , ,
51,Mon Apr 02 22:22:29 EDT 2018,96,0,Assignment4Suite,ContainsTest0 ContainsTest1 ContainsTest2 EmptyTest0 EmptyTest1 EmptyTest2 FindMinMaxTest0 FindMinMaxTest1 FindMinMaxTest2 HeightTest InsertAfterRemoveTest0 InsertAfterRemoveTest1 InsertAfterRemoveTest2 InsertTest0 InsertTest1 InsertTest2 InsertTest3 InsertTest4 InsertTest5 RemoveTest0 RemoveTest1 RemoveTest2 RemoveTest3 RemoveTest4 RemoveTest5 RemoveTest7 SizeTest0 SizeTest1 SizeTest2 SizeTest3 , ,RemoveTest6 , ,
52,Mon Apr 02 22:24:47 EDT 2018,45,-51,Assignment4Suite,ContainsTest2 EmptyTest0 EmptyTest2 FindMinMaxTest0 FindMinMaxTest1 FindMinMaxTest2 HeightTest InsertAfterRemoveTest0 InsertTest0 RemoveTest0 SizeTest0 SizeTest1 SizeTest2 SizeTest3 , ,ContainsTest0- ContainsTest1- EmptyTest1- InsertAfterRemoveTest1- InsertAfterRemoveTest2- InsertTest1- InsertTest2- InsertTest3- InsertTest4- InsertTest5- RemoveTest1- RemoveTest2- RemoveTest3- RemoveTest4- RemoveTest5- RemoveTest6 RemoveTest7- , ,
53,Mon Apr 02 22:25:57 EDT 2018,96,51,Assignment4Suite,ContainsTest0+ ContainsTest1+ ContainsTest2 EmptyTest0 EmptyTest1+ EmptyTest2 FindMinMaxTest0 FindMinMaxTest1 FindMinMaxTest2 HeightTest InsertAfterRemoveTest0 InsertAfterRemoveTest1+ InsertAfterRemoveTest2+ InsertTest0 InsertTest1+ InsertTest2+ InsertTest3+ InsertTest4+ InsertTest5+ RemoveTest0 RemoveTest1+ RemoveTest2+ RemoveTest3+ RemoveTest4+ RemoveTest5+ RemoveTest7+ SizeTest0 SizeTest1 SizeTest2 SizeTest3 , ,RemoveTest6 , ,
54,Mon Apr 02 22:26:28 EDT 2018,96,0,Assignment4Suite,ContainsTest0 ContainsTest1 ContainsTest2 EmptyTest0 EmptyTest1 EmptyTest2 FindMinMaxTest0 FindMinMaxTest1 FindMinMaxTest2 HeightTest InsertAfterRemoveTest0 InsertAfterRemoveTest1 InsertAfterRemoveTest2 InsertTest0 InsertTest1 InsertTest2 InsertTest3 InsertTest4 InsertTest5 RemoveTest0 RemoveTest1 RemoveTest2 RemoveTest3 RemoveTest4 RemoveTest5 RemoveTest7 SizeTest0 SizeTest1 SizeTest2 SizeTest3 , ,RemoveTest6 , ,
55,Mon Apr 02 22:27:30 EDT 2018,96,0,Assignment4Suite,ContainsTest0 ContainsTest1 ContainsTest2 EmptyTest0 EmptyTest1 EmptyTest2 FindMinMaxTest0 FindMinMaxTest1 FindMinMaxTest2 HeightTest InsertAfterRemoveTest0 InsertAfterRemoveTest1 InsertAfterRemoveTest2 InsertTest0 InsertTest1 InsertTest2 InsertTest3 InsertTest4 InsertTest5 RemoveTest0 RemoveTest1 RemoveTest2 RemoveTest3 RemoveTest4 RemoveTest5 RemoveTest7 SizeTest0 SizeTest1 SizeTest2 SizeTest3 , ,RemoveTest6 , ,
56,Mon Apr 02 22:28:26 EDT 2018,96,0,Assignment4Suite,ContainsTest0 ContainsTest1 ContainsTest2 EmptyTest0 EmptyTest1 EmptyTest2 FindMinMaxTest0 FindMinMaxTest1 FindMinMaxTest2 HeightTest InsertAfterRemoveTest0 InsertAfterRemoveTest1 InsertAfterRemoveTest2 InsertTest0 InsertTest1 InsertTest2 InsertTest3 InsertTest4 InsertTest5 RemoveTest0 RemoveTest1 RemoveTest2 RemoveTest3 RemoveTest4 RemoveTest5 RemoveTest7 SizeTest0 SizeTest1 SizeTest2 SizeTest3 , ,RemoveTest6 , ,
57,Mon Apr 23 18:58:54 EDT 2018,96,0,Assignment4Suite,ContainsTest0 ContainsTest1 ContainsTest2 EmptyTest0 EmptyTest1 EmptyTest2 FindMinMaxTest0 FindMinMaxTest1 FindMinMaxTest2 HeightTest InsertAfterRemoveTest0 InsertAfterRemoveTest1 InsertAfterRemoveTest2 InsertTest0 InsertTest1 InsertTest2 InsertTest3 InsertTest4 InsertTest5 RemoveTest0 RemoveTest1 RemoveTest2 RemoveTest3 RemoveTest4 RemoveTest5 RemoveTest7 SizeTest0 SizeTest1 SizeTest2 SizeTest3 , ,RemoveTest6 , ,
